[{"model": "pages.category", "pk": 7, "fields": {"title": "Все", "slug": "-hR1X8", "first_in_the_topic": true}}, {"model": "pages.category", "pk": 8, "fields": {"title": "Чай", "slug": "-wbDKC", "first_in_the_topic": null}}, {"model": "pages.category", "pk": 9, "fields": {"title": "Кофе", "slug": "-pUMZ8", "first_in_the_topic": false}}, {"model": "pages.category", "pk": 17, "fields": {"title": "Neskafe", "slug": "neskafe-CSlw4", "first_in_the_topic": null}}, {"model": "pages.category", "pk": 19, "fields": {"title": "Egoiste", "slug": "egoiste-bF17d", "first_in_the_topic": null}}, {"model": "pages.category", "pk": 20, "fields": {"title": "Tarlton", "slug": "tarlton-CaYY2", "first_in_the_topic": null}}, {"model": "pages.products", "pk": 4, "fields": {"product_name": "Чай Тарлтон Премиум Цейлонский Чёрный Чай/ Tarlton Premium Ceylon Black Tea , 100 пакетов по 2 гр.", "product_price": 1500, "product_description": "<div class=\"sk\" data-widget=\"webDescription\">\r\n<div id=\"section-description\">\r\n<h2 class=\"xl6\">Описание</h2>\r\n<div>\r\n<div class=\"\">\r\n<div class=\"xl3\">\r\n<div>Тарлтон - элитный цейлонский чай! Чай - здоровый напиток, который успокаивает или придает энергию. Только лучший и качественный цейлонский чайный лист - это то, что Вы найдете внутри каждой банки листового чая Тарлтон. Весь чай собирается бережно вручную для сохранения целостности чайного листа перед последующей обработкой.</div>\r\n</div>\r\n</div>\r\n</div>\r\n</div>\r\n</div>\r\n<div class=\"sk\" data-widget=\"webDescription\">\r\n<div id=\"section-description\">\r\n<div class=\"\">\r\n<div class=\"xl3\">\r\n<div>\r\n<h3>Условия хранения</h3>\r\n<p>Хранить в сухом при температуре не выше 20&deg;С и относительной влажности воздуха не более 70% в плотно закрытой упаковке отдельно от остропахнущих продуктов.</p>\r\n<h3>Комплектация</h3>\r\n<p>Чай Тарлтон Премиум Цейлонский 100 шт по 2 гр</p>\r\n<h3>Состав</h3>\r\n<p>Черный Цейлонский Чай</p>\r\n</div>\r\n</div>\r\n</div>\r\n</div>\r\n</div>", "product_image": "product_images/6332202885_z1Td6KW.webp", "discount_percent": 60, "slug": "tarlton-premium-ceylon-black-tea-100-2-RBs8a", "is_featured": false, "is_exclusive": true, "created_at": "2022-07-17T11:12:57.088Z", "updated_at": "2022-08-02T22:11:44.669Z", "available": "В наличии", "type_of_product": "Чай в пакетиках", "kind_of_tea": "Черный", "sort_of_tea": "Цейлонский", "number_of_suchets": 100, "tea_shapes": null, "tea_leaf_size": null, "weight_of_product": null, "composition_of_coffee": null, "coffe_roasting": null, "taste_intensity": null, "arabica_content": null, "producting_technology": null, "category": [7, 8, 20]}}, {"model": "pages.products", "pk": 5, "fields": {"product_name": "Нескафе Классик растворимый Кофе , NESCAFE Classic мягкая упаковка 1000г", "product_price": 3600, "product_description": "<div class=\"sk\" data-widget=\"webDescription\">\r\n<div id=\"section-description\">\r\n<h2 class=\"xl6\">Описание</h2>\r\n<div>\r\n<div class=\"\">\r\n<div class=\"xl3\">\r\n<div>Кофе растворимый сублимированный Nescafe Classic 1000&nbsp;г&nbsp;&mdash; один из&nbsp;самых известных растворимых кофейных напитков! Его богатый, насыщенный аромат и&nbsp;глубокий вкус невозможно ни&nbsp;с&nbsp;чем перепутать, но&nbsp;так легко узнать из&nbsp;множества вариантов. Nescafe создает особую, приятную атмосферу, окружая волнующим ароматом и&nbsp;благородным вкусом. Nescafe создан лучшими кофейными экспертами из&nbsp;отборных зерен робусты и&nbsp;арабики. Он&nbsp;остается популярным и&nbsp;любимым многими поклонниками кофе по&nbsp;сей день. Чашка горячего крепкого напитка привычно сопровождает и&nbsp;тихим спокойным утром, и&nbsp;на&nbsp;шумных встречах, и&nbsp;в&nbsp;загруженные работой будни. Nescafe потребляют более чем в&nbsp;180 странах мира. Готовится кофе растворимый Nescafe просто. В&nbsp;зависимости от&nbsp;желаемой крепости добавьте в&nbsp;чашку 1-2 чайные ложки кофе и&nbsp;залейте горячей водой, но&nbsp;не&nbsp;кипятком. Сахар, сливки, молоко добавьте по&nbsp;желанию, и&nbsp;напиток готов. Большая вакуумная упаковка позволит вам наслаждаться им&nbsp;довольно долго, а&nbsp;также отлично подходит для использования в&nbsp;больших коллективах, офисах, местах общественного питания и&nbsp;на&nbsp;различных предприятиях.</div>\r\n</div>\r\n</div>\r\n</div>\r\n</div>\r\n</div>\r\n<div class=\"sk\" data-widget=\"webDescription\">\r\n<div id=\"section-description\">\r\n<div class=\"\">\r\n<div class=\"xl3\">\r\n<div>\r\n<h3>Условия хранения</h3>\r\n<p>Хранить в темном месте, избегая попадания прямых солнечных лучей при температуре не выше 18 градусов и относительной влажности воздуха не выше 75%</p>\r\n<h3>Состав</h3>\r\n<p>100% натуральный кофе.</p>\r\n<h3>Комплектация</h3>\r\n<p>Нескафе Классик растворимый Кофе , NESCAFE Classic 1000г - 1шт</p>\r\n</div>\r\n</div>\r\n</div>\r\n</div>\r\n</div>", "product_image": "product_images/6371228438_Tlb6aBx.webp", "discount_percent": 60, "slug": "nescafe-classic-1000-rqH4r", "is_featured": true, "is_exclusive": false, "created_at": "2022-07-17T17:36:05.030Z", "updated_at": "2022-08-02T22:11:53.340Z", "available": "В наличии", "type_of_product": "Кофе растворимый", "kind_of_tea": null, "sort_of_tea": null, "number_of_suchets": null, "tea_shapes": null, "tea_leaf_size": null, "weight_of_product": null, "composition_of_coffee": "Арабика/Робуста", "coffe_roasting": null, "taste_intensity": "Крепкий", "arabica_content": null, "producting_technology": "Сублимированный", "category": [9, 7, 17]}}, {"model": "pages.products", "pk": 6, "fields": {"product_name": "Кофе в зернах Egoiste Grand Cru, арабика, / зерновой кофе Эгоист Гранд Кру 1 кг", "product_price": 3900, "product_description": "<div class=\"sk\" data-widget=\"webDescription\">\r\n<div id=\"section-description\">\r\n<h2 class=\"xl6\">Описание</h2>\r\n<div>\r\n<div class=\"\">\r\n<div class=\"xl3\">\r\n<div>Кофе в зернах Egoiste Grand Cru (1 кг) - это высококачественная премиальная арабика. В ее вкусе отчетливо ощущается сладость разнообразных лесных ягод, а аромат поражает деликатными цветочными нотами. Такие свойства достигаются благодаря средней степени обжарки кофе. Чашка такого напитка, выпитая с утра, зарядит вас бодростью на долгое время.</div>\r\n</div>\r\n</div>\r\n</div>\r\n</div>\r\n</div>\r\n<div class=\"sk\" data-widget=\"webDescription\">\r\n<div id=\"section-description\">\r\n<div class=\"\">\r\n<div class=\"xl3\">\r\n<div>\r\n<h3>Комплектация</h3>\r\n<p>Кофе в зернах + Сахар порционный 1 шт</p>\r\n<h3>Состав</h3>\r\n<p>Кофе натуральный жареный в зернах. 100% арабика.</p>\r\n<h3>Условия хранения</h3>\r\n<p>Условия хранения, в том числе после вскрытия: хранить плотно закрытым в сухом прохладном месте без посторонних запахов</p>\r\n</div>\r\n</div>\r\n</div>\r\n</div>\r\n</div>", "product_image": "product_images/6334777559.webp", "discount_percent": 61, "slug": "egoiste-grand-cru-1-nj3KJ", "is_featured": true, "is_exclusive": false, "created_at": "2022-07-17T17:45:29.128Z", "updated_at": "2022-08-02T22:12:02.226Z", "available": "В наличии", "type_of_product": "Кофе в зернах", "kind_of_tea": null, "sort_of_tea": null, "number_of_suchets": null, "tea_shapes": null, "tea_leaf_size": null, "weight_of_product": null, "composition_of_coffee": "Арабика", "coffe_roasting": "Среднеобжаренный кофе", "taste_intensity": "Мягкий", "arabica_content": 100, "producting_technology": null, "category": [9, 7, 19]}}, {"model": "pages.products", "pk": 7, "fields": {"product_name": "Кофе Эгоист / Egoiste Special 100 гр молотый в растворимом , Арабика премиум", "product_price": 1500, "product_description": "<div class=\"sk\" data-widget=\"webDescription\">\r\n<div id=\"section-description\">\r\n<h2 class=\"xl6\">Описание</h2>\r\n<div>\r\n<div class=\"\">\r\n<div class=\"xl3\">\r\n<div>\r\n<ul>\r\n<li>EGOISTE X.O- EGOISTE V.S - EGOISTE SPECIAL- EGOSITE PLATINUMКофе Egoiste Эгоист это напиток элитного класса, производящийся из натуральных кофейных зерен с использованием технологий, снижающих потерю вкуса и свойств зерна при обжарке. Компания полностью контролирует процесс производства, поэтому в готовой жидкости нет осадка. Она имеет приятный вкус без горького послевкусия.</li>\r\n</ul>\r\n</div>\r\n</div>\r\n</div>\r\n</div>\r\n</div>\r\n</div>\r\n<div class=\"sk\" data-widget=\"webDescription\">\r\n<div id=\"section-description\">\r\n<div class=\"\">\r\n<div class=\"xl3\">\r\n<div>\r\n<h3>Состав</h3>\r\n<p>Кофе молотый в растворимом из премиум Арабики</p>\r\n<h3>Комплектация</h3>\r\n<p>Кофе Эгоист / Egoiste Special 100 гр</p>\r\n<h3>Условия хранения</h3>\r\n<p>Хранить плотно закрытым в сухом прохладном месту без посторонних запахов.</p>\r\n</div>\r\n</div>\r\n</div>\r\n</div>\r\n</div>", "product_image": "product_images/6334720080.webp", "discount_percent": 50, "slug": "egoiste-special-100-OfT4G", "is_featured": true, "is_exclusive": false, "created_at": "2022-07-17T17:48:01.580Z", "updated_at": "2022-08-02T22:12:13.929Z", "available": "В наличии", "type_of_product": "Кофе растворимый", "kind_of_tea": null, "sort_of_tea": null, "number_of_suchets": null, "tea_shapes": null, "tea_leaf_size": null, "weight_of_product": null, "composition_of_coffee": "Арабика", "coffe_roasting": null, "taste_intensity": "Крепкий", "arabica_content": null, "producting_technology": "Сублимированный", "category": [9, 7, 19]}}, {"model": "pages.products", "pk": 8, "fields": {"product_name": "Кофе растворимый Nescafe Gold Barista / Нескафе Классик Бариста 400 гр", "product_price": 1700, "product_description": "<div class=\"sk\" data-widget=\"webDescription\">\r\n<div id=\"section-description\">\r\n<div class=\"sk\" data-widget=\"webDescription\">\r\n<div id=\"section-description\">\r\n<h2 class=\"xl6\">Описание</h2>\r\n<div>\r\n<div class=\"\">\r\n<div class=\"xl3\">\r\n<div>Кофе растворимый NESCAFE GOLD Barista &ndash; 100% натуральный растворимый сублимированный кофе, приготовленный только из отборных кофейных зерен и воды. При изготовлении кофе используются зерна двух видов обжарки &ndash; таким образом достигается особо глубокий, насыщенный аромат и крепкий, бодрящий вкус. Оптимальные температура и время обжарки позволяют раскрыть все грани вкуса и аромата кофе, а вакуумная упаковка с плотно закрывающейся застежкой&ndash;молнией помогает сохранить его выдающееся качество до последней капли.</div>\r\n</div>\r\n</div>\r\n</div>\r\n</div>\r\n</div>\r\n<div class=\"sk\" data-widget=\"webDescription\">\r\n<div id=\"section-description\">\r\n<div class=\"\">\r\n<div class=\"xl3\">\r\n<div>\r\n<h3>Условия хранения</h3>\r\n<p>Хранить в темном месте, избегая попадания прямых солнечных лучей при температуре не выше 18 градусов и относительной влажности воздуха не выше 75%</p>\r\n<h3>Состав</h3>\r\n<p>Натуральный растворимый сублимированный кофе с добавлением натурального жареного молотого кофе</p>\r\n</div>\r\n</div>\r\n</div>\r\n</div>\r\n</div>\r\n</div>\r\n</div>", "product_image": "product_images/6246251854_es4UyXW.webp", "discount_percent": 26, "slug": "nescafe-gold-barista-400-jEPTb", "is_featured": false, "is_exclusive": false, "created_at": "2022-07-17T17:51:43.135Z", "updated_at": "2022-08-02T22:12:32.883Z", "available": "В наличии", "type_of_product": "Кофе растворимый", "kind_of_tea": null, "sort_of_tea": null, "number_of_suchets": null, "tea_shapes": null, "tea_leaf_size": null, "weight_of_product": null, "composition_of_coffee": "Арабика/Робуста", "coffe_roasting": null, "taste_intensity": null, "arabica_content": null, "producting_technology": "Сублимированный", "category": [9, 7, 17]}}, {"model": "pages.products", "pk": 9, "fields": {"product_name": "Чай Тарлтон Премиум Цейлонский Чёрный PEKOE/ Tarlton Premium Ceylon PEKOE Black Tea 500 гр", "product_price": 2000, "product_description": "<div class=\"sk\" data-widget=\"webDescription\">\r\n<div id=\"section-description\">\r\n<h2 class=\"xl6\">Описание</h2>\r\n<div>\r\n<div class=\"\">\r\n<div class=\"xl3\">\r\n<div>Тарлтон - элитный цейлонский чай! Чай - здоровый напиток, который успокаивает или придает энергию. Только лучший и качественный цейлонский чайный лист - это то, что Вы найдете внутри каждой банки листового чая Тарлтон. Весь чай собирается бережно вручную для сохранения целостности чайного листа перед последующей обработкой.</div>\r\n</div>\r\n</div>\r\n</div>\r\n</div>\r\n</div>\r\n<div class=\"sk\" data-widget=\"webDescription\">\r\n<div id=\"section-description\">\r\n<div class=\"\">\r\n<div class=\"xl3\">\r\n<div>\r\n<h3>Условия хранения</h3>\r\n<p>Хранить в сухом при температуре не выше 20&deg;С и относительной влажности воздуха не более 70% в плотно закрытой упаковке отдельно от остропахнущих продуктов.</p>\r\n<h3>Комплектация</h3>\r\n<p>Чай Цейлонский PEKOE</p>\r\n<h3>Состав</h3>\r\n<p>Чай Черный Цейлонский Байховый PEKOE</p>\r\n</div>\r\n</div>\r\n</div>\r\n</div>\r\n</div>", "product_image": "product_images/6334574539.webp", "discount_percent": 50, "slug": "pekoe-tarlton-premium-ceylon-pekoe-black-tea-500-h1prp", "is_featured": true, "is_exclusive": false, "created_at": "2022-07-17T18:35:44.713Z", "updated_at": "2022-08-02T22:13:04.896Z", "available": "В наличии", "type_of_product": "Чай листовый", "kind_of_tea": "Черный", "sort_of_tea": null, "number_of_suchets": null, "tea_shapes": "Рассыпной", "tea_leaf_size": "Средний", "weight_of_product": 500, "composition_of_coffee": null, "coffe_roasting": null, "taste_intensity": null, "arabica_content": null, "producting_technology": null, "category": [7, 8, 20]}}, {"model": "pages.products", "pk": 10, "fields": {"product_name": "Чай Тарлтон Премиум Цейлонский Чёрный OPA/ Tarlton Premium Ceylon OPA Black Tea 500 гр", "product_price": 2000, "product_description": "<div class=\"sk\" data-widget=\"webDescription\">\r\n<div id=\"section-description\">\r\n<h2 class=\"xl6\">Описание</h2>\r\n<div>\r\n<div class=\"\">\r\n<div class=\"xl3\">\r\n<div>Тарлтон - элитный цейлонский чай! Чай - здоровый напиток, который успокаивает или придает энергию. Только лучший и качественный цейлонский чайный лист - это то, что Вы найдете внутри каждой банки листового чая Тарлтон. Весь чай собирается бережно вручную для сохранения целостности чайного листа перед последующей обработкой.</div>\r\n</div>\r\n</div>\r\n</div>\r\n</div>\r\n</div>\r\n<div class=\"sk\" data-widget=\"webDescription\">\r\n<div id=\"section-description\">\r\n<div class=\"\">\r\n<div class=\"xl3\">\r\n<div>\r\n<h3>Условия хранения</h3>\r\n<p>Хранить в сухом при температуре не выше 20&deg;С и относительной влажности воздуха не более 70% в плотно закрытой упаковке отдельно от остропахнущих продуктов.</p>\r\n<h3>Комплектация</h3>\r\n<p>Чай Цейлонский OPA</p>\r\n<h3>Состав</h3>\r\n<p>Чай Черный Цейлонский Байховый OPA</p>\r\n</div>\r\n</div>\r\n</div>\r\n</div>\r\n</div>", "product_image": "product_images/6334574100.webp", "discount_percent": 50, "slug": "opa-tarlton-premium-ceylon-opa-black-tea-500-SAUox", "is_featured": false, "is_exclusive": false, "created_at": "2022-07-17T18:37:48.135Z", "updated_at": "2022-08-02T22:12:52.388Z", "available": "В наличии", "type_of_product": "Чай листовый", "kind_of_tea": "Черный", "sort_of_tea": null, "number_of_suchets": null, "tea_shapes": "Рассыпной", "tea_leaf_size": "Средний", "weight_of_product": 500, "composition_of_coffee": null, "coffe_roasting": null, "taste_intensity": null, "arabica_content": null, "producting_technology": null, "category": [7, 8, 20]}}, {"model": "pages.products", "pk": 11, "fields": {"product_name": "Кофе растворимый Nescafe Gold / Нескафе Голд 900 гр", "product_price": 4100, "product_description": "<div class=\"sk\" data-widget=\"webDescription\">\r\n<div id=\"section-description\">\r\n<h2 class=\"xl6\">Описание</h2>\r\n<div>\r\n<div class=\"\">\r\n<div class=\"xl3\">\r\n<div>Кофе растворимый сублимированный Nescafe Gold 900&nbsp;г&nbsp;&mdash; один из&nbsp;самых известных растворимых кофейных напитков! Его богатый, насыщенный аромат и&nbsp;глубокий вкус невозможно ни&nbsp;с&nbsp;чем перепутать, но&nbsp;так легко узнать из&nbsp;множества вариантов. Nescafe Gold создает особую, приятную атмосферу, окружая волнующим ароматом и&nbsp;благородным вкусом.Nescafe Gold создан лучшими кофейными экспертами из&nbsp;отборных зерен робусты и&nbsp;арабики. Он&nbsp;остается популярным и&nbsp;любимым многими поклонниками кофе по&nbsp;сей день. Чашка горячего крепкого напитка привычно сопровождает и&nbsp;тихим спокойным утром, и&nbsp;на&nbsp;шумных встречах, и&nbsp;в&nbsp;загруженные работой будни. Nescafe потребляют более чем в&nbsp;180 странах мира.Готовится кофе растворимый Nescafe Gold просто. В&nbsp;зависимости от&nbsp;желаемой крепости добавьте в&nbsp;чашку 1-2 чайные ложки кофе и&nbsp;залейте горячей водой, но&nbsp;не&nbsp;кипятком. Сахар, сливки, молоко добавьте по&nbsp;желанию, и&nbsp;напиток готов. Большая вакуумная упаковка позволит вам наслаждаться им&nbsp;довольно долго, а&nbsp;также отлично подходит для использования в&nbsp;больших коллективах, офисах, местах общественного питания и&nbsp;на&nbsp;различных предприятиях.</div>\r\n</div>\r\n</div>\r\n</div>\r\n</div>\r\n</div>\r\n<div class=\"sk\" data-widget=\"webDescription\">\r\n<div id=\"section-description\">\r\n<div class=\"\">\r\n<div class=\"xl3\">\r\n<div>\r\n<h3>Состав</h3>\r\n<p>100% натуральный кофе.</p>\r\n<h3>Условия хранения</h3>\r\n<p>Хранить в темном месте, избегая попадания прямых солнечных лучей при температуре не выше 18 градусов и относительной влажности воздуха не выше 75%</p>\r\n</div>\r\n</div>\r\n</div>\r\n</div>\r\n</div>", "product_image": "product_images/6246107693_DE0hMhl.webp", "discount_percent": 49, "slug": "nescafe-gold-900-zOSmv", "is_featured": false, "is_exclusive": false, "created_at": "2022-07-17T18:43:55.062Z", "updated_at": "2022-08-02T22:13:14.289Z", "available": "В наличии", "type_of_product": "Кофе растворимый", "kind_of_tea": null, "sort_of_tea": null, "number_of_suchets": null, "tea_shapes": null, "tea_leaf_size": null, "weight_of_product": null, "composition_of_coffee": null, "coffe_roasting": null, "taste_intensity": null, "arabica_content": null, "producting_technology": "Сублимированный", "category": [9, 7, 17]}}, {"model": "pages.products", "pk": 12, "fields": {"product_name": "Кофе в зернах МОСКОВСКАЯ КОФЕЙНЯ НА ПАЯХЪ \"Арабика\" 100% 1 кг, вакуумная упаковка", "product_price": 3150, "product_description": "<div class=\"sk\" data-widget=\"webDescription\">\r\n<div id=\"section-description\">\r\n<h2 class=\"xl6\">Описание</h2>\r\n<div>\r\n<div class=\"\">\r\n<div class=\"xl3\">\r\n<div>Кофе Арабика приготовлен исключительно из премиальных сортов &laquo;Арабики&raquo;. Традиционная обжарка придает насыщенный мягкий вкус с приятной кислинкой и чистый натуральный аромат настоящего кофе.</div>\r\n</div>\r\n</div>\r\n</div>\r\n</div>\r\n</div>\r\n<div class=\"sk\" data-widget=\"webDescription\">\r\n<div id=\"section-description\">\r\n<div class=\"\">\r\n<div class=\"xl3\">\r\n<div>\r\n<h3>Условия хранения</h3>\r\n<p>Хранить при температуре не выше +20&deg;С и относительной влажности не более 75%.</p>\r\n<h3>Состав</h3>\r\n<p>100% Арабика, Кофе натуральный жареный в зернах.</p>\r\n</div>\r\n</div>\r\n</div>\r\n</div>\r\n</div>", "product_image": "product_images/6246290283_2EpXvso.webp", "discount_percent": 49, "slug": "100-1", "is_featured": true, "is_exclusive": false, "created_at": "2022-07-17T19:17:21.037Z", "updated_at": "2022-07-21T22:06:00.368Z", "available": "В наличии", "type_of_product": "Кофе в зернах", "kind_of_tea": null, "sort_of_tea": null, "number_of_suchets": null, "tea_shapes": null, "tea_leaf_size": null, "weight_of_product": null, "composition_of_coffee": "Арабика", "coffe_roasting": "Среднеобжаренный кофе", "taste_intensity": "Мягкий", "arabica_content": 100, "producting_technology": null, "category": [9, 7]}}, {"model": "pages.products", "pk": 13, "fields": {"product_name": "Кофе растворимый Nescafe Gold / Нескафе Голд 750 гр", "product_price": 3800, "product_description": "<div class=\"sk\" data-widget=\"webDescription\">\r\n<div id=\"section-description\">\r\n<h2 class=\"xl6\">Описание</h2>\r\n<div>\r\n<div class=\"\">\r\n<div class=\"xl3\">\r\n<div>Кофе растворимый сублимированный Nescafe Gold 750&nbsp;г&nbsp;&mdash; один из&nbsp;самых известных растворимых кофейных напитков! Его богатый, насыщенный аромат и&nbsp;глубокий вкус невозможно ни&nbsp;с&nbsp;чем перепутать, но&nbsp;так легко узнать из&nbsp;множества вариантов. Nescafe Gold создает особую, приятную атмосферу, окружая волнующим ароматом и&nbsp;благородным вкусом.Nescafe Gold создан лучшими кофейными экспертами из&nbsp;отборных зерен робусты и&nbsp;арабики. Он&nbsp;остается популярным и&nbsp;любимым многими поклонниками кофе по&nbsp;сей день. Чашка горячего крепкого напитка привычно сопровождает и&nbsp;тихим спокойным утром, и&nbsp;на&nbsp;шумных встречах, и&nbsp;в&nbsp;загруженные работой будни. Nescafe потребляют более чем в&nbsp;180 странах мира.Готовится кофе растворимый Nescafe Gold просто. В&nbsp;зависимости от&nbsp;желаемой крепости добавьте в&nbsp;чашку 1-2 чайные ложки кофе и&nbsp;залейте горячей водой, но&nbsp;не&nbsp;кипятком. Сахар, сливки, молоко добавьте по&nbsp;желанию, и&nbsp;напиток готов. Большая вакуумная упаковка позволит вам наслаждаться им&nbsp;довольно долго, а&nbsp;также отлично подходит для использования в&nbsp;больших коллективах, офисах, местах общественного питания и&nbsp;на&nbsp;различных предприятиях.</div>\r\n</div>\r\n</div>\r\n</div>\r\n</div>\r\n</div>\r\n<div class=\"sk\" data-widget=\"webDescription\">\r\n<div id=\"section-description\">\r\n<div class=\"\">\r\n<div class=\"xl3\">\r\n<div>\r\n<h3>Условия хранения</h3>\r\n<p>Хранить в темном месте, избегая попадания прямых солнечных лучей при температуре не выше 18 градусов и относительной влажности воздуха не выше 75%</p>\r\n<h3>Состав</h3>\r\n<p>100% натуральный кофе.</p>\r\n</div>\r\n</div>\r\n</div>\r\n</div>\r\n</div>", "product_image": "product_images/6246109074_SyBenEy.webp", "discount_percent": 57, "slug": "nescafe-gold-750-wKKL0", "is_featured": true, "is_exclusive": false, "created_at": "2022-07-17T20:28:05.735Z", "updated_at": "2022-08-02T22:13:43.505Z", "available": "В наличии", "type_of_product": "Кофе растворимый", "kind_of_tea": null, "sort_of_tea": null, "number_of_suchets": null, "tea_shapes": null, "tea_leaf_size": null, "weight_of_product": null, "composition_of_coffee": null, "coffe_roasting": null, "taste_intensity": "Мягкий", "arabica_content": null, "producting_technology": "Сублимированный", "category": [9, 7, 17]}}, {"model": "pages.products", "pk": 14, "fields": {"product_name": "Кофе Эгоист / Egoiste X.O 100 гр из лучших сортов Арабики", "product_price": 1500, "product_description": "<div class=\"sk\" data-widget=\"webDescription\">\r\n<div id=\"section-description\">\r\n<h2 class=\"xl6\">Описание</h2>\r\n<div>\r\n<div class=\"\">\r\n<div class=\"xl3\">\r\n<div>\r\n<ul>\r\n<li>EGOISTE X.O- EGOISTE V.S - EGOISTE SPECIAL- EGOSITE PLATINUMКофе Egoiste Эгоист это напиток элитного класса, производящийся из натуральных кофейных зерен с использованием технологий, снижающих потерю вкуса и свойств зерна при обжарке. Компания полностью контролирует процесс производства, поэтому в готовой жидкости нет осадка. Она имеет приятный вкус без горького послевкусия.</li>\r\n</ul>\r\n</div>\r\n</div>\r\n</div>\r\n</div>\r\n</div>\r\n</div>\r\n<div class=\"sk\" data-widget=\"webDescription\">\r\n<div id=\"section-description\">\r\n<div class=\"\">\r\n<div class=\"xl3\">\r\n<div>\r\n<h3>Комплектация</h3>\r\n<p>Кофе Эгоист / Egoiste Platinum 100 гр</p>\r\n<h3>Условия хранения</h3>\r\n<p>Хранить плотно закрытым в сухом прохладном месту без посторонних запахов.</p>\r\n<h3>Состав</h3>\r\n<p>100% натуральный растворимый сублимированный кофе из лучших сортов арабики</p>\r\n</div>\r\n</div>\r\n</div>\r\n</div>\r\n</div>", "product_image": "product_images/6334721240_PSimFOw.webp", "discount_percent": 44, "slug": "egoiste-xo-100-iusnr", "is_featured": false, "is_exclusive": false, "created_at": "2022-07-17T21:30:35.098Z", "updated_at": "2022-08-02T22:14:03.199Z", "available": "В наличии", "type_of_product": "Кофе растворимый", "kind_of_tea": null, "sort_of_tea": null, "number_of_suchets": null, "tea_shapes": null, "tea_leaf_size": null, "weight_of_product": null, "composition_of_coffee": "Арабика", "coffe_roasting": null, "taste_intensity": "Крепкий", "arabica_content": null, "producting_technology": "Сублимированный", "category": [9, 7, 19]}}, {"model": "pages.products", "pk": 15, "fields": {"product_name": "Кофе в зернах Paulig Arabica, арабика, 1 кг /Паулинг арабика/кофе в зёрнах/100% арабика", "product_price": 3000, "product_description": "", "product_image": "product_images/6322047865.webp", "discount_percent": 51, "slug": "paulig-arabica-1-100", "is_featured": true, "is_exclusive": false, "created_at": "2022-07-17T21:33:45.738Z", "updated_at": "2022-07-21T22:07:06.060Z", "available": "В наличии", "type_of_product": "Кофе в зернах", "kind_of_tea": null, "sort_of_tea": null, "number_of_suchets": null, "tea_shapes": null, "tea_leaf_size": null, "weight_of_product": null, "composition_of_coffee": "Арабика", "coffe_roasting": null, "taste_intensity": "Средний", "arabica_content": 100, "producting_technology": null, "category": [9, 7]}}, {"model": "pages.products", "pk": 16, "fields": {"product_name": "Чай Тарлтон Премиум Цейлонский Байховый со вкусом Бергамота Earl Grey Чёрный Чай/ Tarlton Premium Ceylon Earl Grey Black Tea 500 гр", "product_price": 2000, "product_description": "<div class=\"sk\" data-widget=\"webDescription\">\r\n<div id=\"section-description\">\r\n<h2 class=\"xl6\">Описание</h2>\r\n<div>\r\n<div class=\"\">\r\n<div class=\"xl3\">\r\n<div>Тарлтон - элитный цейлонский чай! Чай - здоровый напиток, который успокаивает или придает энергию. Только лучший и качественный цейлонский чайный лист - это то, что Вы найдете внутри каждой банки листового чая Тарлтон. Весь чай собирается бережно вручную для сохранения целостности чайного листа перед последующей обработкой.</div>\r\n</div>\r\n</div>\r\n</div>\r\n</div>\r\n</div>\r\n<div class=\"sk\" data-widget=\"webDescription\">\r\n<div id=\"section-description\">\r\n<div class=\"\">\r\n<div class=\"xl3\">\r\n<div>\r\n<h3>Условия хранения</h3>\r\n<p>Хранить в сухом при температуре не выше 20&deg;С и относительной влажности воздуха не более 70% в плотно закрытой упаковке отдельно от остропахнущих продуктов.</p>\r\n<h3>Комплектация</h3>\r\n<p>Чай Цейлонский Тарлтон Earl Grey</p>\r\n<h3>Состав</h3>\r\n<p>Чай Черный Цейлонский Байховый , масло бергамота</p>\r\n</div>\r\n</div>\r\n</div>\r\n</div>\r\n</div>", "product_image": "product_images/6332222919.webp", "discount_percent": 50, "slug": "earl-grey-tarlton-premium-ceylon-earl-grey-black-tea-500-QivvZ", "is_featured": false, "is_exclusive": false, "created_at": "2022-07-17T21:36:08.421Z", "updated_at": "2022-08-02T22:14:22.483Z", "available": "В наличии", "type_of_product": "Чай листовый", "kind_of_tea": "Черный", "sort_of_tea": null, "number_of_suchets": null, "tea_shapes": "Рассыпной", "tea_leaf_size": "Средний", "weight_of_product": 500, "composition_of_coffee": null, "coffe_roasting": null, "taste_intensity": null, "arabica_content": null, "producting_technology": null, "category": [7, 8, 20]}}, {"model": "pages.products", "pk": 17, "fields": {"product_name": "Чай Тарлтон Премиум Цейлонский Чёрный OPA/ Tarlton Premium Ceylon OPA Black Tea 250 гр", "product_price": 1000, "product_description": "<div class=\"sk\" data-widget=\"webDescription\">\r\n<div id=\"section-description\">\r\n<h2 class=\"xl6\">Описание</h2>\r\n<div>\r\n<div class=\"\">\r\n<div class=\"xl3\">\r\n<div>Тарлтон - элитный цейлонский чай! Чай - здоровый напиток, который успокаивает или придает энергию. Только лучший и качественный цейлонский чайный лист - это то, что Вы найдете внутри каждой банки листового чая Тарлтон. Весь чай собирается бережно вручную для сохранения целостности чайного листа перед последующей обработкой.</div>\r\n</div>\r\n</div>\r\n</div>\r\n</div>\r\n</div>\r\n<div class=\"sk\" data-widget=\"webDescription\">\r\n<div id=\"section-description\">\r\n<div class=\"\">\r\n<div class=\"xl3\">\r\n<div>\r\n<h3>Условия хранения</h3>\r\n<p>Хранить в сухом при температуре не выше 20&deg;С и относительной влажности воздуха не более 70% в плотно закрытой упаковке отдельно от остропахнущих продуктов.</p>\r\n<h3>Состав</h3>\r\n<p>Чай Черный Цейлонский Байховый OPA</p>\r\n<h3>Комплектация</h3>\r\n<p>Чай Цейлонский OPA</p>\r\n</div>\r\n</div>\r\n</div>\r\n</div>\r\n</div>", "product_image": "product_images/6334554778.webp", "discount_percent": 40, "slug": "opa-tarlton-premium-ceylon-opa-black-tea-250-RGsSo", "is_featured": true, "is_exclusive": false, "created_at": "2022-07-17T21:37:55.267Z", "updated_at": "2022-08-02T22:14:36.285Z", "available": "В наличии", "type_of_product": "Чай листовый", "kind_of_tea": "Черный", "sort_of_tea": null, "number_of_suchets": null, "tea_shapes": "Рассыпной", "tea_leaf_size": "Средний", "weight_of_product": 250, "composition_of_coffee": null, "coffe_roasting": null, "taste_intensity": null, "arabica_content": null, "producting_technology": null, "category": [7, 8, 20]}}, {"model": "pages.products", "pk": 19, "fields": {"product_name": "Чай Тарлтон Премиум Цейлонский Sursop Чёрный / Tarlton Premium Ceylon Black Tea 250 гр", "product_price": 1000, "product_description": "<div class=\"sk\" data-widget=\"webDescription\">\r\n<div id=\"section-description\">\r\n<div class=\"sk\" data-widget=\"webDescription\">\r\n<div id=\"section-description\">\r\n<h2 class=\"xl6\">Описание</h2>\r\n<div>\r\n<div class=\"\">\r\n<div class=\"xl3\">\r\n<div>Тарлтон - элитный цейлонский чай! Чай - здоровый напиток, который успокаивает или придает энергию. Только лучший и качественный цейлонский чайный лист - это то, что Вы найдете внутри каждой банки листового чая Тарлтон. Весь чай собирается бережно вручную для сохранения целостности чайного листа перед последующей обработкой.</div>\r\n</div>\r\n</div>\r\n</div>\r\n</div>\r\n</div>\r\n<div class=\"sk\" data-widget=\"webDescription\">\r\n<div id=\"section-description\">\r\n<div class=\"\">\r\n<div class=\"xl3\">\r\n<div>\r\n<h3>Условия хранения</h3>\r\n<p>Хранить в сухом при температуре не выше 20&deg;С и относительной влажности воздуха не более 70% в плотно закрытой упаковке отдельно от остропахнущих продуктов.</p>\r\n<h3>Комплектация</h3>\r\n<p>Чай Цейлонский Саусеп 250 гр</p>\r\n<h3>Состав</h3>\r\n<p>Чай Черный Цейлонский Байховый , Кусочки Саусепа</p>\r\n</div>\r\n</div>\r\n</div>\r\n</div>\r\n</div>\r\n</div>\r\n</div>", "product_image": "product_images/6333050995_brG51ED.webp", "discount_percent": 40, "slug": "sursop-tarlton-premium-ceylon-black-tea-250-ZBZEv", "is_featured": false, "is_exclusive": false, "created_at": "2022-07-17T21:46:14.053Z", "updated_at": "2022-08-02T22:14:50.971Z", "available": "В наличии", "type_of_product": "Чай листовый", "kind_of_tea": "Черный", "sort_of_tea": null, "number_of_suchets": null, "tea_shapes": "Рассыпной", "tea_leaf_size": "Средний", "weight_of_product": 250, "composition_of_coffee": null, "coffe_roasting": null, "taste_intensity": null, "arabica_content": null, "producting_technology": null, "category": [7, 8, 20]}}, {"model": "pages.products", "pk": 21, "fields": {"product_name": "Кофе в зернах/кофе зерновой Julius Meinl \"Президент Классическая Коллекция\"/\"Prasident\", 1 кг (средняя обжарка)", "product_price": 2100, "product_description": "<div class=\"sk\" data-widget=\"webDescription\">\r\n<div id=\"section-description\">\r\n<h2 class=\"xl6\">Описание</h2>\r\n<div>\r\n<div class=\"\">\r\n<div class=\"xl3\">\r\n<div>Классика в нашем ассортименте кофе - бленд, насчитывающий историю в 40 лет! Впечатляет типичной венской (средней) обжаркой зерен, свежим шоколадным ароматом и хорошо сбалансированным вкусом. Без излишней горечи и кислинки. Страна производства кофе - Италия. Состав бленда - арабика/робуста. Тип кофе &ndash; кофе в зернах. Степень обжарки - средняя. Интенсивность вкуса - средняя. Сладость - средняя. Кислотность - средняя, ближе к низкой. Кофе в зернах Prasident идеально подойдет:- для автоматических кофемашин;- после помола для приготовления классическими методами (турка/джезва/капельная кофеварка/френч-пресс) или альтернативными способами заваривания (аэропресс/кемекс и тд).Наслаждайтесь кофе в зернах Prasident не только в кофейнях, но и дома.</div>\r\n</div>\r\n</div>\r\n</div>\r\n</div>\r\n</div>\r\n<div class=\"sk\" data-widget=\"webDescription\">\r\n<div id=\"section-description\">\r\n<div class=\"\">\r\n<div class=\"xl3\">\r\n<div>\r\n<h3>Условия хранения</h3>\r\n<p>До вскрытия - в сухом прохладном месте, после вскрытия - в плотно закрытой емкости, в сухом прохладном месте, вдали от источников тепла.</p>\r\n<h3>Состав</h3>\r\n<p>Арабика, робуста.</p>\r\n<h3>Комплектация</h3>\r\n<p>Кофе в зернах 1 кг</p>\r\n</div>\r\n</div>\r\n</div>\r\n</div>\r\n</div>", "product_image": "product_images/6359177410_6pj5qAt.webp", "discount_percent": 33, "slug": "julius-meinl-prasident-1", "is_featured": true, "is_exclusive": false, "created_at": "2022-07-17T22:00:12.415Z", "updated_at": "2022-07-21T22:08:24.315Z", "available": "В наличии", "type_of_product": "Кофе в зернах", "kind_of_tea": null, "sort_of_tea": null, "number_of_suchets": null, "tea_shapes": null, "tea_leaf_size": null, "weight_of_product": 1000, "composition_of_coffee": "Арабика/Робуста", "coffe_roasting": "Среднеобжаренный кофе", "taste_intensity": "Средний", "arabica_content": null, "producting_technology": null, "category": [9, 7]}}, {"model": "pages.products", "pk": 22, "fields": {"product_name": "Чай Тарлтон Премиум Цейлонский Чёрный PEKOE/ Tarlton Premium Ceylon PEKOE Black Tea 250 гр", "product_price": 1000, "product_description": "<div class=\"sk\" data-widget=\"webDescription\">\r\n<div id=\"section-description\">\r\n<h2 class=\"xl6\">Описание</h2>\r\n<div>\r\n<div class=\"\">\r\n<div class=\"xl3\">\r\n<div>Тарлтон - элитный цейлонский чай! Чай - здоровый напиток, который успокаивает или придает энергию. Только лучший и качественный цейлонский чайный лист - это то, что Вы найдете внутри каждой банки листового чая Тарлтон. Весь чай собирается бережно вручную для сохранения целостности чайного листа перед последующей обработкой.</div>\r\n</div>\r\n</div>\r\n</div>\r\n</div>\r\n</div>\r\n<div class=\"sk\" data-widget=\"webDescription\">\r\n<div id=\"section-description\">\r\n<div class=\"\">\r\n<div class=\"xl3\">\r\n<div>\r\n<h3>Условия хранения</h3>\r\n<p>Хранить в сухом при температуре не выше 20&deg;С и относительной влажности воздуха не более 70% в плотно закрытой упаковке отдельно от остропахнущих продуктов.</p>\r\n<h3>Состав</h3>\r\n<p>Чай Черный Цейлонский Байховый PEKOE</p>\r\n<h3>Комплектация</h3>\r\n<p>Чай Цейлонский PEKOE</p>\r\n</div>\r\n</div>\r\n</div>\r\n</div>\r\n</div>", "product_image": "product_images/6246269450.webp", "discount_percent": 40, "slug": "pekoe-tarlton-premium-ceylon-pekoe-black-tea-250-n5QQB", "is_featured": false, "is_exclusive": true, "created_at": "2022-07-17T22:02:35.478Z", "updated_at": "2022-08-02T22:15:32.765Z", "available": "В наличии", "type_of_product": "Чай листовый", "kind_of_tea": "Черный", "sort_of_tea": null, "number_of_suchets": null, "tea_shapes": "Рассыпной", "tea_leaf_size": "Средний", "weight_of_product": 250, "composition_of_coffee": null, "coffe_roasting": null, "taste_intensity": null, "arabica_content": null, "producting_technology": null, "category": [7, 8, 20]}}, {"model": "pages.products", "pk": 23, "fields": {"product_name": "Кофе Эгоист / Egoiste V.S 100 гр из лучших сортов Арабики", "product_price": 1500, "product_description": "<div class=\"sk\" data-widget=\"webDescription\">\r\n<div id=\"section-description\">\r\n<h2 class=\"xl6\">Описание</h2>\r\n<div>\r\n<div class=\"\">\r\n<div class=\"xl3\">\r\n<div>\r\n<ul>\r\n<li>EGOISTE X.O- EGOISTE V.S - EGOISTE SPECIAL- EGOSITE PLATINUMКофе Egoiste Эгоист это напиток элитного класса, производящийся из натуральных кофейных зерен с использованием технологий, снижающих потерю вкуса и свойств зерна при обжарке. Компания полностью контролирует процесс производства, поэтому в готовой жидкости нет осадка. Она имеет приятный вкус без горького послевкусия.</li>\r\n</ul>\r\n</div>\r\n</div>\r\n</div>\r\n</div>\r\n</div>\r\n</div>\r\n<div class=\"sk\" data-widget=\"webDescription\">\r\n<div id=\"section-description\">\r\n<div class=\"\">\r\n<div class=\"xl3\">\r\n<div>\r\n<h3>Состав</h3>\r\n<p>100% натуральный растворимый сублимированный кофе из лучших сортов арабики</p>\r\n<h3>Условия хранения</h3>\r\n<p>Хранить плотно закрытым в сухом прохладном месту без посторонних запахов.</p>\r\n<h3>Комплектация</h3>\r\n<p>Кофе Эгоист / Egoiste VS 100 гр</p>\r\n</div>\r\n</div>\r\n</div>\r\n</div>\r\n</div>", "product_image": "product_images/6334726755.webp", "discount_percent": 52, "slug": "egoiste-vs-100-piYJx", "is_featured": false, "is_exclusive": true, "created_at": "2022-07-17T22:29:31.770Z", "updated_at": "2022-08-02T22:16:26.726Z", "available": "В наличии", "type_of_product": "Кофе растворимый", "kind_of_tea": null, "sort_of_tea": null, "number_of_suchets": null, "tea_shapes": null, "tea_leaf_size": null, "weight_of_product": null, "composition_of_coffee": "Арабика", "coffe_roasting": null, "taste_intensity": "Крепкий", "arabica_content": null, "producting_technology": null, "category": [9, 7, 19]}}, {"model": "pages.products", "pk": 24, "fields": {"product_name": "Чай Тарлтон Премиум Цейлонский Чёрный FBOP/ Tarlton Premium Ceylon Earl Grey Black Tea 250 гр", "product_price": 1000, "product_description": "<div class=\"sk\" data-widget=\"webDescription\">\r\n<div id=\"section-description\">\r\n<h2 class=\"xl6\">Описание</h2>\r\n<div>\r\n<div class=\"\">\r\n<div class=\"xl3\">\r\n<div>Тарлтон - элитный цейлонский чай! Чай - здоровый напиток, который успокаивает или придает энергию. Только лучший и качественный цейлонский чайный лист - это то, что Вы найдете внутри каждой банки листового чая Тарлтон. Весь чай собирается бережно вручную для сохранения целостности чайного листа перед последующей обработкой.</div>\r\n</div>\r\n</div>\r\n</div>\r\n</div>\r\n</div>\r\n<div class=\"sk\" data-widget=\"webDescription\">\r\n<div id=\"section-description\">\r\n<div class=\"\">\r\n<div class=\"xl3\">\r\n<div>\r\n<h3>Условия хранения</h3>\r\n<p>Хранить в сухом при температуре не выше 20&deg;С и относительной влажности воздуха не более 70% в плотно закрытой упаковке отдельно от остропахнущих продуктов.</p>\r\n<h3>Состав</h3>\r\n<p>Чай Черный Цейлонский Байховый FBOP</p>\r\n<h3>Комплектация</h3>\r\n<p>Чай Цейлонский FBOP</p>\r\n</div>\r\n</div>\r\n</div>\r\n</div>\r\n</div>", "product_image": "product_images/6333065930.webp", "discount_percent": 40, "slug": "fbop-tarlton-premium-ceylon-earl-grey-black-tea-250-oUCb1", "is_featured": true, "is_exclusive": false, "created_at": "2022-07-17T22:31:23.241Z", "updated_at": "2022-08-02T22:16:48.091Z", "available": "В наличии", "type_of_product": "Чай листовый", "kind_of_tea": "Черный", "sort_of_tea": null, "number_of_suchets": null, "tea_shapes": "Рассыпной", "tea_leaf_size": "Средний", "weight_of_product": 250, "composition_of_coffee": null, "coffe_roasting": null, "taste_intensity": null, "arabica_content": null, "producting_technology": null, "category": [7, 8, 20]}}, {"model": "pages.products", "pk": 25, "fields": {"product_name": "Кофе в зернах Ambassador Gold Label, пакет, 1 кг.", "product_price": 2000, "product_description": "<div class=\"sk\" data-widget=\"webDescription\">\r\n<div id=\"section-description\">\r\n<h2 class=\"xl6\">Описание</h2>\r\n<div>\r\n<div class=\"\">\r\n<div class=\"xl3\">\r\n<div>Крепкий выразительный вкус. Обжарка для эспрессо.Кофе зерновой AMBASSADOR Nero &ndash; классический итальянский кофе темной обжарки, который лучше всего подойдет для приготовления насыщенного крепкого эспрессо с устойчивой пенкой и продолжительным шоколадным послевкусием. Если Вы поклонник традиций &ndash; Ambassador Nero придется Вам по вкусу. Ambassador Nero производят в Швейцарии и по качеству он относится к высшему сорту. Зерна для этого сорта закупаются в Южной Америке и Азии. Перед тем как попасть на завод, они проходят тщательную экспертизу, в результате которой отбирается только лучшее сырье. Гарантией хорошего вкуса является состав: 100% арабика. После искусcной темной обжарки в насыщенном вкусе прослеживается грамотный баланс изысканной горечи, без которой многие не мыслят эспрессо, и характерной для арабики мягкой кислинки.</div>\r\n</div>\r\n</div>\r\n</div>\r\n</div>\r\n</div>\r\n<div class=\"sk\" data-widget=\"webDescription\">\r\n<div id=\"section-description\">\r\n<div class=\"\">\r\n<div class=\"xl3\">\r\n<div>\r\n<h3>Условия хранения</h3>\r\n<p>Хранить при температуре не выше 27&deg;С и относительной влажности не выше 75%</p>\r\n<h3>Комплектация</h3>\r\n<p>Кофе в зернах + сахар порционный 1 шт</p>\r\n<h3>Состав</h3>\r\n<p>Арабика 100%</p>\r\n</div>\r\n</div>\r\n</div>\r\n</div>\r\n</div>", "product_image": "product_images/6364222782.webp", "discount_percent": 36, "slug": "ambassador-gold-label-1", "is_featured": true, "is_exclusive": false, "created_at": "2022-07-17T22:34:28.758Z", "updated_at": "2022-07-21T22:10:04.106Z", "available": "В наличии", "type_of_product": "Кофе в зернах", "kind_of_tea": null, "sort_of_tea": null, "number_of_suchets": null, "tea_shapes": null, "tea_leaf_size": null, "weight_of_product": 1000, "composition_of_coffee": null, "coffe_roasting": null, "taste_intensity": null, "arabica_content": 100, "producting_technology": null, "category": [9, 7]}}, {"model": "pages.products", "pk": 26, "fields": {"product_name": "Кофе зерновой AMBASSADOR Adora натуральный жареный, 900г", "product_price": 2000, "product_description": "<div class=\"sk\" data-widget=\"webDescription\">\r\n<div id=\"section-description\">\r\n<h2 class=\"xl6\">Описание</h2>\r\n<div>\r\n<div class=\"\">\r\n<div class=\"xl3\">\r\n<div>Крепкий выразительный вкус. Обжарка для эспрессо.Кофе зерновой AMBASSADOR Nero &ndash; классический итальянский кофе темной обжарки, который лучше всего подойдет для приготовления насыщенного крепкого эспрессо с устойчивой пенкой и продолжительным шоколадным послевкусием. Если Вы поклонник традиций &ndash; Ambassador Nero придется Вам по вкусу. Ambassador Nero производят в Швейцарии и по качеству он относится к высшему сорту. Зерна для этого сорта закупаются в Южной Америке и Азии. Перед тем как попасть на завод, они проходят тщательную экспертизу, в результате которой отбирается только лучшее сырье. Гарантией хорошего вкуса является состав: 100% арабика. После искусcной темной обжарки в насыщенном вкусе прослеживается грамотный баланс изысканной горечи, без которой многие не мыслят эспрессо, и характерной для арабики мягкой кислинки.</div>\r\n</div>\r\n</div>\r\n</div>\r\n</div>\r\n</div>\r\n<div class=\"sk\" data-widget=\"webDescription\">\r\n<div id=\"section-description\">\r\n<div class=\"\">\r\n<div class=\"xl3\">\r\n<div>\r\n<h3>Условия хранения</h3>\r\n<p>Хранить при температуре не выше 27&deg;С и относительной влажности не выше 75%</p>\r\n<h3>Комплектация</h3>\r\n<p>Кофе в зернах + сахар порционный 1 шт</p>\r\n<h3>Состав</h3>\r\n<p>Арабика</p>\r\n</div>\r\n</div>\r\n</div>\r\n</div>\r\n</div>", "product_image": "product_images/6364213368.webp", "discount_percent": 48, "slug": "ambassador-adora-900", "is_featured": true, "is_exclusive": false, "created_at": "2022-07-17T22:36:42.720Z", "updated_at": "2022-07-21T22:10:23.441Z", "available": "В наличии", "type_of_product": "Кофе в зернах", "kind_of_tea": null, "sort_of_tea": null, "number_of_suchets": null, "tea_shapes": null, "tea_leaf_size": null, "weight_of_product": 1000, "composition_of_coffee": null, "coffe_roasting": null, "taste_intensity": null, "arabica_content": 100, "producting_technology": null, "category": [9, 7]}}, {"model": "pages.products", "pk": 27, "fields": {"product_name": "Кофе в зернах Egoiste Truffle, арабика, / зерновой кофе Эгоист 250 гр", "product_price": 3900, "product_description": "<div class=\"sk\" data-widget=\"webDescription\">\r\n<div id=\"section-description\">\r\n<h2 class=\"xl6\">Описание</h2>\r\n<div>\r\n<div class=\"\">\r\n<div class=\"xl3\">\r\n<div>Карамельная основа бархатного вкуса подкрашена нежной кислинкой в послевкусии, а ванильный аромат дополнен сильными цитрусовыми нотами.В поисках лучшего бленда мы добавили к нежным и изумительно ароматным отборным зернам плантаций с равнин несколько ярких и насыщенных высокогорных сортов &ndash; и так мы добились гармонии и баланса благородного вкуса. Чашка Egoiste &ndash; приятное завершение вечера с близким человеком или дружеской беседы в компании старинных друзей, она дарит спокойствие и улыбку.Уважаемые клиенты! Обращаем ваше внимание на возможные изменения в дизайне упаковки. Качественные характеристики товара остаются неизменными. Поставка осуществляется в зависимости от наличия на складе.</div>\r\n</div>\r\n</div>\r\n</div>\r\n</div>\r\n</div>\r\n<div class=\"sk\" data-widget=\"webDescription\">\r\n<div id=\"section-description\">\r\n<div class=\"\">\r\n<div class=\"xl3\">\r\n<div>\r\n<h3>Условия хранения</h3>\r\n<p>Условия хранения, в том числе после вскрытия: хранить плотно закрытым в сухом прохладном месте без посторонних запахов</p>\r\n<h3>Состав</h3>\r\n<p>Кофе натуральный жареный в зернах. 100% арабика.</p>\r\n</div>\r\n</div>\r\n</div>\r\n</div>\r\n</div>", "product_image": "product_images/6286035954.webp", "discount_percent": 75, "slug": "egoiste-truffle-250-rUAMc", "is_featured": false, "is_exclusive": false, "created_at": "2022-07-17T22:44:19.875Z", "updated_at": "2022-08-02T22:17:35.031Z", "available": "В наличии", "type_of_product": "Кофе в зернах", "kind_of_tea": null, "sort_of_tea": null, "number_of_suchets": null, "tea_shapes": null, "tea_leaf_size": null, "weight_of_product": null, "composition_of_coffee": "Арабика", "coffe_roasting": "Среднеобжаренный кофе", "taste_intensity": "Мягкий", "arabica_content": 100, "producting_technology": null, "category": [9, 7, 19]}}, {"model": "pages.products", "pk": 28, "fields": {"product_name": "Чай Тарлтон Премиум Цейлонский Чёрный Чай/ Tarlton Premium Ceylon Black Tea , 25 пакетов по 2 гр.", "product_price": 1500, "product_description": "", "product_image": "product_images/6332214951.webp", "discount_percent": 63, "slug": "tarlton-premium-ceylon-black-tea-25-2-YL0Cr", "is_featured": true, "is_exclusive": false, "created_at": "2022-07-17T22:46:00.798Z", "updated_at": "2022-08-02T22:18:02.072Z", "available": "В наличии", "type_of_product": "Чай в пакетиках", "kind_of_tea": "Черный", "sort_of_tea": "Цейлонский", "number_of_suchets": 25, "tea_shapes": null, "tea_leaf_size": null, "weight_of_product": null, "composition_of_coffee": null, "coffe_roasting": null, "taste_intensity": null, "arabica_content": null, "producting_technology": null, "category": [7, 8, 20]}}, {"model": "pages.products", "pk": 29, "fields": {"product_name": "Кофе Jacobs Monarch / Кофе Растворимый Якобс Монарх , 190 г ст/б", "product_price": 1400, "product_description": "<div class=\"sk\" data-widget=\"webDescription\">\r\n<div id=\"section-description\">\r\n<h2 class=\"xl6\">Описание</h2>\r\n<div>\r\n<div class=\"\">\r\n<div class=\"xl3\">\r\n<div>Jacobs Monarch обладает богатым, классическим вкусом и притягательным ароматом благодаря искусному сочетанию отборных кофейных зерен и глубокой обжарке. Почувствуйте как его Аромагия заполняет все вокруг, создавая атмосферу теплоты и общения.</div>\r\n</div>\r\n</div>\r\n</div>\r\n</div>\r\n</div>\r\n<div class=\"sk\" data-widget=\"webDescription\">\r\n<div id=\"section-description\">\r\n<div class=\"\">\r\n<div class=\"xl3\">\r\n<div>\r\n<h3>Условия хранения</h3>\r\n<p>В сухом прохладном месте</p>\r\n<h3>Состав</h3>\r\n<p>100% натуральный кофе</p>\r\n</div>\r\n</div>\r\n</div>\r\n</div>\r\n</div>", "product_image": "product_images/6275653106.webp", "discount_percent": 50, "slug": "jacobs-monarch-190", "is_featured": true, "is_exclusive": false, "created_at": "2022-07-17T22:52:22.570Z", "updated_at": "2022-07-21T22:11:16.625Z", "available": "В наличии", "type_of_product": "Кофе растворимый", "kind_of_tea": null, "sort_of_tea": null, "number_of_suchets": null, "tea_shapes": null, "tea_leaf_size": null, "weight_of_product": null, "composition_of_coffee": "Арабика/Робуста", "coffe_roasting": null, "taste_intensity": null, "arabica_content": null, "producting_technology": "Сублимированный", "category": [9, 7]}}, {"model": "pages.products", "pk": 30, "fields": {"product_name": "Чай Тарлтон Премиум Цейлонский Байховый со вкусом Бергамота Earl Grey Чёрный Чай/ Tarlton Premium Ceylon Earl Grey Black Tea 250 гр", "product_price": 1000, "product_description": "<div class=\"sk\" data-widget=\"webDescription\">\r\n<div id=\"section-description\">\r\n<h2 class=\"xl6\">Описание</h2>\r\n<div>\r\n<div class=\"\">\r\n<div class=\"xl3\">\r\n<div>Тарлтон - элитный цейлонский чай! Чай - здоровый напиток, который успокаивает или придает энергию. Только лучший и качественный цейлонский чайный лист - это то, что Вы найдете внутри каждой банки листового чая Тарлтон. Весь чай собирается бережно вручную для сохранения целостности чайного листа перед последующей обработкой.</div>\r\n</div>\r\n</div>\r\n</div>\r\n</div>\r\n</div>\r\n<div class=\"sk\" data-widget=\"webDescription\">\r\n<div id=\"section-description\">\r\n<div class=\"\">\r\n<div class=\"xl3\">\r\n<div>\r\n<h3>Условия хранения</h3>\r\n<p>Хранить в сухом при температуре не выше 20&deg;С и относительной влажности воздуха не более 70% в плотно закрытой упаковке отдельно от остропахнущих продуктов.</p>\r\n<h3>Состав</h3>\r\n<p>Чай Черный Цейлонский Байховый , масло бергамота</p>\r\n<h3>Комплектация</h3>\r\n<p>Чай Цейлонский</p>\r\n</div>\r\n</div>\r\n</div>\r\n</div>\r\n</div>", "product_image": "product_images/6332222919_tfKYO8n.webp", "discount_percent": 40, "slug": "earl-grey-tarlton-premium-ceylon-earl-grey-black-tea-250-8noWK", "is_featured": true, "is_exclusive": false, "created_at": "2022-07-17T22:57:12.148Z", "updated_at": "2022-08-02T22:18:45.470Z", "available": "В наличии", "type_of_product": "Чай листовый", "kind_of_tea": "Черный", "sort_of_tea": null, "number_of_suchets": null, "tea_shapes": "Рассыпной", "tea_leaf_size": "Средний", "weight_of_product": 250, "composition_of_coffee": null, "coffe_roasting": null, "taste_intensity": null, "arabica_content": null, "producting_technology": null, "category": [7, 8, 20]}}, {"model": "pages.products", "pk": 31, "fields": {"product_name": "Кофе в зернах Paulig Arabica, арабика 2 шт. 1 кг /Паулинг арабика/кофе в зёрнах/100% арабика", "product_price": 6000, "product_description": "", "product_image": "product_images/6321614142.webp", "discount_percent": 52, "slug": "paulig-arabica-2-1-100", "is_featured": false, "is_exclusive": false, "created_at": "2022-07-17T22:58:54.601Z", "updated_at": "2022-07-21T22:11:47.647Z", "available": "В наличии", "type_of_product": "Кофе в зернах", "kind_of_tea": null, "sort_of_tea": null, "number_of_suchets": null, "tea_shapes": null, "tea_leaf_size": null, "weight_of_product": 1000, "composition_of_coffee": "Арабика", "coffe_roasting": "Среднеобжаренный кофе", "taste_intensity": "Средний", "arabica_content": null, "producting_technology": null, "category": [9, 7]}}, {"model": "pages.products", "pk": 32, "fields": {"product_name": "Кофе в зернах Bushido Red Katana/ Зерновой Кофе Бушедо 1 кг", "product_price": 4700, "product_description": "<div class=\"sk\" data-widget=\"webDescription\">\r\n<div id=\"section-description\">\r\n<h2 class=\"xl6\">Описание</h2>\r\n<div>\r\n<div class=\"\">\r\n<div class=\"xl3\">\r\n<div>Купаж зерен 100%-ной Арабики с великолепным вкусом и ароматом. Обжаренный с&nbsp;любовью и страстью - все, чтобы донести истинный вкус кофе премиум-класса. Что бы&nbsp;ни происходило, в жизни каждого найдется время для доброй чашки Bushido Red&nbsp;Katana.</div>\r\n</div>\r\n</div>\r\n</div>\r\n</div>\r\n</div>\r\n<div class=\"sk\" data-widget=\"webDescription\">\r\n<div id=\"section-description\">\r\n<div class=\"\">\r\n<div class=\"xl3\">\r\n<div>\r\n<h3>Состав</h3>\r\n<p>100% Арабика</p>\r\n<h3>Условия хранения</h3>\r\n<p>Условия хранения, в том числе после вскрытия: хранить плотно закрытым в сухом прохладном месте без посторонних запахов</p>\r\n</div>\r\n</div>\r\n</div>\r\n</div>\r\n</div>", "product_image": "product_images/6275718314.webp", "discount_percent": 61, "slug": "bushido-red-katana-1", "is_featured": true, "is_exclusive": false, "created_at": "2022-07-17T23:00:14.438Z", "updated_at": "2022-07-21T22:12:03.324Z", "available": "В наличии", "type_of_product": "Кофе в зернах", "kind_of_tea": null, "sort_of_tea": null, "number_of_suchets": null, "tea_shapes": null, "tea_leaf_size": null, "weight_of_product": 1000, "composition_of_coffee": "Арабика", "coffe_roasting": "Среднеобжаренный кофе", "taste_intensity": "Средний", "arabica_content": null, "producting_technology": null, "category": [9, 7]}}, {"model": "pages.products", "pk": 33, "fields": {"product_name": "Кофе растворимый Nescafe Gold / Нескафе Голд 250гр", "product_price": 1300, "product_description": "<div class=\"sk\" data-widget=\"webDescription\">\r\n<div id=\"section-description\">\r\n<h2 class=\"xl6\">Описание</h2>\r\n<div>\r\n<div class=\"\">\r\n<div class=\"xl3\">\r\n<div>Кофе растворимый сублимированный Nescafe Gold 500&nbsp;г&nbsp;&mdash; один из&nbsp;самых известных растворимых кофейных напитков! Его богатый, насыщенный аромат и&nbsp;глубокий вкус невозможно ни&nbsp;с&nbsp;чем перепутать, но&nbsp;так легко узнать из&nbsp;множества вариантов. Nescafe Gold создает особую, приятную атмосферу, окружая волнующим ароматом и&nbsp;благородным вкусом.Nescafe Gold создан лучшими кофейными экспертами из&nbsp;отборных зерен робусты и&nbsp;арабики. Он&nbsp;остается популярным и&nbsp;любимым многими поклонниками кофе по&nbsp;сей день. Чашка горячего крепкого напитка привычно сопровождает и&nbsp;тихим спокойным утром, и&nbsp;на&nbsp;шумных встречах, и&nbsp;в&nbsp;загруженные работой будни. Nescafe потребляют более чем в&nbsp;180 странах мира.Готовится кофе растворимый Nescafe Gold просто. В&nbsp;зависимости от&nbsp;желаемой крепости добавьте в&nbsp;чашку 1-2 чайные ложки кофе и&nbsp;залейте горячей водой, но&nbsp;не&nbsp;кипятком. Сахар, сливки, молоко добавьте по&nbsp;желанию, и&nbsp;напиток готов. Большая вакуумная упаковка позволит вам наслаждаться им&nbsp;довольно долго, а&nbsp;также отлично подходит для использования в&nbsp;больших коллективах, офисах, местах общественного питания и&nbsp;на&nbsp;различных предприятиях.</div>\r\n</div>\r\n</div>\r\n</div>\r\n</div>\r\n</div>\r\n<div class=\"sk\" data-widget=\"webDescription\">\r\n<div id=\"section-description\">\r\n<div class=\"\">\r\n<div class=\"xl3\">\r\n<div>\r\n<h3>Комплектация</h3>\r\n<p>Кофе растворимый Nescafe Gold / Нескафе Голд 250гр - 1шт</p>\r\n<h3>Условия хранения</h3>\r\n<p>Хранить в темном месте, избегая попадания прямых солнечных лучей при температуре не выше 18 градусов и относительной влажности воздуха не выше 75%</p>\r\n<h3>Состав</h3>\r\n<p>100% натуральный кофе.</p>\r\n</div>\r\n</div>\r\n</div>\r\n</div>\r\n</div>", "product_image": "product_images/6371286912.webp", "discount_percent": 44, "slug": "nescafe-gold-250-Qlb13", "is_featured": false, "is_exclusive": false, "created_at": "2022-07-17T23:02:10.858Z", "updated_at": "2022-08-02T22:19:28.459Z", "available": "В наличии", "type_of_product": "Кофе растворимый", "kind_of_tea": null, "sort_of_tea": null, "number_of_suchets": null, "tea_shapes": null, "tea_leaf_size": null, "weight_of_product": null, "composition_of_coffee": "Арабика", "coffe_roasting": null, "taste_intensity": "Средний", "arabica_content": null, "producting_technology": "Сублимированный", "category": [9, 7, 17]}}, {"model": "pages.products", "pk": 34, "fields": {"product_name": "Чай Тарлтон Премиум Цейлонский Чёрный FBOP/ Tarlton Premium Ceylon FBOP 500 гр", "product_price": 2000, "product_description": "<div class=\"sk\" data-widget=\"webDescription\">\r\n<div id=\"section-description\">\r\n<h2 class=\"xl6\">Описание</h2>\r\n<div>\r\n<div class=\"\">\r\n<div class=\"xl3\">\r\n<div>Тарлтон - элитный цейлонский чай! Чай - здоровый напиток, который успокаивает или придает энергию. Только лучший и качественный цейлонский чайный лист - это то, что Вы найдете внутри каждой банки листового чая Тарлтон. Весь чай собирается бережно вручную для сохранения целостности чайного листа перед последующей обработкой.</div>\r\n</div>\r\n</div>\r\n</div>\r\n</div>\r\n</div>\r\n<div class=\"sk\" data-widget=\"webDescription\">\r\n<div id=\"section-description\">\r\n<div class=\"\">\r\n<div class=\"xl3\">\r\n<div>\r\n<h3>Условия хранения</h3>\r\n<p>Хранить в сухом при температуре не выше 20&deg;С и относительной влажности воздуха не более 70% в плотно закрытой упаковке отдельно от остропахнущих продуктов.</p>\r\n<h3>Комплектация</h3>\r\n<p>Чай Цейлонский FBOP</p>\r\n<h3>Состав</h3>\r\n<p>Чай Черный Цейлонский Байховый FBOP</p>\r\n</div>\r\n</div>\r\n</div>\r\n</div>\r\n</div>", "product_image": "product_images/6334575825.webp", "discount_percent": 50, "slug": "fbop-tarlton-premium-ceylon-fbop-500", "is_featured": true, "is_exclusive": false, "created_at": "2022-07-17T23:04:50.785Z", "updated_at": "2022-07-21T22:13:06.069Z", "available": "В наличии", "type_of_product": "Чай листовый", "kind_of_tea": "Черный", "sort_of_tea": null, "number_of_suchets": null, "tea_shapes": "Рассыпной", "tea_leaf_size": "Средний", "weight_of_product": 500, "composition_of_coffee": null, "coffe_roasting": null, "taste_intensity": null, "arabica_content": null, "producting_technology": null, "category": [8, 7]}}, {"model": "pages.products", "pk": 35, "fields": {"product_name": "Нескафе Классик растворимый Кофе , NESCAFE Classic мягкая упаковка 900 г", "product_price": 2500, "product_description": "<div class=\"sk\" data-widget=\"webDescription\">\r\n<div id=\"section-description\">\r\n<h2 class=\"xl6\">Описание</h2>\r\n<div>\r\n<div class=\"\">\r\n<div class=\"xl3\">\r\n<div>Кофе растворимый сублимированный Nescafe Classic 900&nbsp;г&nbsp;&mdash; один из&nbsp;самых известных растворимых кофейных напитков! Его богатый, насыщенный аромат и&nbsp;глубокий вкус невозможно ни&nbsp;с&nbsp;чем перепутать, но&nbsp;так легко узнать из&nbsp;множества вариантов. Nescafe создает особую, приятную атмосферу, окружая волнующим ароматом и&nbsp;благородным вкусом.Nescafe создан лучшими кофейными экспертами из&nbsp;отборных зерен робусты и&nbsp;арабики. Он&nbsp;остается популярным и&nbsp;любимым многими поклонниками кофе по&nbsp;сей день. Чашка горячего крепкого напитка привычно сопровождает и&nbsp;тихим спокойным утром, и&nbsp;на&nbsp;шумных встречах, и&nbsp;в&nbsp;загруженные работой будни. Nescafe потребляют более чем в&nbsp;180 странах мира.Готовится кофе растворимый Nescafe просто. В&nbsp;зависимости от&nbsp;желаемой крепости добавьте в&nbsp;чашку 1-2 чайные ложки кофе и&nbsp;залейте горячей водой, но&nbsp;не&nbsp;кипятком. Сахар, сливки, молоко добавьте по&nbsp;желанию, и&nbsp;напиток готов. Большая вакуумная упаковка позволит вам наслаждаться им&nbsp;довольно долго, а&nbsp;также отлично подходит для использования в&nbsp;больших коллективах, офисах, местах общественного питания и&nbsp;на&nbsp;различных предприятиях.</div>\r\n</div>\r\n</div>\r\n</div>\r\n</div>\r\n</div>\r\n<div class=\"sk\" data-widget=\"webDescription\">\r\n<div id=\"section-description\">\r\n<div class=\"\">\r\n<div class=\"xl3\">\r\n<div>\r\n<h3>Состав</h3>\r\n<p>100% натуральный кофе.</p>\r\n<h3>Условия хранения</h3>\r\n<p>Хранить в темном месте, избегая попадания прямых солнечных лучей при температуре не выше 18 градусов и относительной влажности воздуха не выше 75%</p>\r\n</div>\r\n</div>\r\n</div>\r\n</div>\r\n</div>", "product_image": "product_images/6246256551.webp", "discount_percent": 44, "slug": "nescafe-classic-900-ZdT7W", "is_featured": true, "is_exclusive": false, "created_at": "2022-07-17T23:08:08.206Z", "updated_at": "2022-08-02T22:19:35.503Z", "available": "В наличии", "type_of_product": "Кофе растворимый", "kind_of_tea": null, "sort_of_tea": null, "number_of_suchets": null, "tea_shapes": null, "tea_leaf_size": null, "weight_of_product": null, "composition_of_coffee": "Арабика/Робуста", "coffe_roasting": null, "taste_intensity": "Средний", "arabica_content": null, "producting_technology": "Сублимированный", "category": [9, 7, 17]}}, {"model": "pages.products", "pk": 36, "fields": {"product_name": "Нескафе Классик растворимый Кофе , NESCAFE Classic мягкая упаковка 750 г", "product_price": 1900, "product_description": "", "product_image": "product_images/6246260009.webp", "discount_percent": 32, "slug": "nescafe-classic-750-MQARG", "is_featured": true, "is_exclusive": false, "created_at": "2022-07-17T23:12:58.664Z", "updated_at": "2022-08-02T22:19:43.352Z", "available": "В наличии", "type_of_product": "Кофе растворимый", "kind_of_tea": null, "sort_of_tea": null, "number_of_suchets": null, "tea_shapes": null, "tea_leaf_size": null, "weight_of_product": null, "composition_of_coffee": "Арабика/Робуста", "coffe_roasting": null, "taste_intensity": "Средний", "arabica_content": null, "producting_technology": "Сублимированный", "category": [9, 7, 17]}}, {"model": "pages.products", "pk": 37, "fields": {"product_name": "Кофе Эгоист / Egoiste Platinum 100 гр из лучших сортов Арабики", "product_price": 1500, "product_description": "<div class=\"sk\" data-widget=\"webDescription\">\r\n<div id=\"section-description\">\r\n<h2 class=\"xl6\">Описание</h2>\r\n<div>\r\n<div class=\"\">\r\n<div class=\"xl3\">\r\n<div>\r\n<ul>\r\n<li>EGOISTE X.O- EGOISTE V.S - EGOISTE SPECIAL- EGOSITE PLATINUMКофе Egoiste Эгоист это напиток элитного класса, производящийся из натуральных кофейных зерен с использованием технологий, снижающих потерю вкуса и свойств зерна при обжарке. Компания полностью контролирует процесс производства, поэтому в готовой жидкости нет осадка. Она имеет приятный вкус без горького послевкусия.</li>\r\n</ul>\r\n</div>\r\n</div>\r\n</div>\r\n</div>\r\n</div>\r\n</div>\r\n<div class=\"sk\" data-widget=\"webDescription\">\r\n<div id=\"section-description\">\r\n<div class=\"\">\r\n<div class=\"xl3\">\r\n<div>\r\n<h3>Состав</h3>\r\n<p>100% натуральный растворимый сублимированный кофе из лучших сортов арабики</p>\r\n<h3>Условия хранения</h3>\r\n<p>Хранить плотно закрытым в сухом прохладном месту без посторонних запахов.</p>\r\n<h3>Комплектация</h3>\r\n<p>Кофе Эгоист / Egoiste Platinum 100 гр</p>\r\n</div>\r\n</div>\r\n</div>\r\n</div>\r\n</div>", "product_image": "product_images/6334718101.webp", "discount_percent": 50, "slug": "egoiste-platinum-100-YrbrF", "is_featured": true, "is_exclusive": false, "created_at": "2022-07-17T23:16:52.025Z", "updated_at": "2022-08-02T22:19:47.921Z", "available": "В наличии", "type_of_product": "Кофе растворимый", "kind_of_tea": null, "sort_of_tea": null, "number_of_suchets": null, "tea_shapes": null, "tea_leaf_size": null, "weight_of_product": null, "composition_of_coffee": "Арабика", "coffe_roasting": null, "taste_intensity": "Крепкий", "arabica_content": null, "producting_technology": "Сублимированный", "category": [9, 7, 19]}}, {"model": "pages.products", "pk": 38, "fields": {"product_name": "Кофе в зернах Egoiste Noir, 500гр Германия Высший Сорт (Набор из 2шт)", "product_price": 4000, "product_description": "<div class=\"sk\" data-widget=\"webDescription\">\r\n<div id=\"section-description\">\r\n<h2 class=\"xl6\">Описание</h2>\r\n<div>\r\n<div class=\"\">\r\n<div class=\"xl3\">\r\n<div>Карамельная основа бархатного вкуса подкрашена нежной кислинкой в послевкусии, а ванильный аромат дополнен сильными цитрусовыми нотами.В поисках лучшего бленда мы добавили к нежным и изумительно ароматным отборным зернам плантаций с равнин несколько ярких и насыщенных высокогорных сортов &ndash; и так мы добились гармонии и баланса благородного вкуса. Чашка Egoiste Noir &ndash; приятное завершение вечера с близким человеком или дружеской беседы в компании старинных друзей, она дарит спокойствие и улыбку.Уважаемые клиенты! Обращаем ваше внимание на возможные изменения в дизайне упаковки. Качественные характеристики товара остаются неизменными. Поставка осуществляется в зависимости от наличия на складе.</div>\r\n</div>\r\n</div>\r\n</div>\r\n</div>\r\n</div>\r\n<div class=\"sk\" data-widget=\"webDescription\">\r\n<div id=\"section-description\">\r\n<div class=\"\">\r\n<div class=\"xl3\">\r\n<div>\r\n<h3>Условия хранения</h3>\r\n<p>Условия хранения, в том числе после вскрытия: хранить плотно закрытым в сухом прохладном месте без посторонних запахов</p>\r\n<h3>Состав</h3>\r\n<p>Кофе натуральный жареный в зернах. 100% арабика.</p>\r\n</div>\r\n</div>\r\n</div>\r\n</div>\r\n</div>", "product_image": "product_images/6265364876.webp", "discount_percent": 55, "slug": "egoiste-noir-500-2-Sk1ZK", "is_featured": true, "is_exclusive": false, "created_at": "2022-07-17T23:19:04.120Z", "updated_at": "2022-08-02T22:19:54.547Z", "available": "В наличии", "type_of_product": "Кофе в зернах", "kind_of_tea": null, "sort_of_tea": null, "number_of_suchets": null, "tea_shapes": null, "tea_leaf_size": null, "weight_of_product": 500, "composition_of_coffee": "Арабика", "coffe_roasting": "Среднеобжаренный кофе", "taste_intensity": "Мягкий", "arabica_content": null, "producting_technology": null, "category": [9, 7, 19]}}, {"model": "pages.products", "pk": 39, "fields": {"product_name": "Кофе в зернах Ambassador Platinum, пакет, 1 кг.", "product_price": 3000, "product_description": "", "product_image": "product_images/6364220624.webp", "discount_percent": 51, "slug": "ambassador-platinum-1", "is_featured": false, "is_exclusive": false, "created_at": "2022-07-17T23:27:51.485Z", "updated_at": "2022-07-17T23:27:51.485Z", "available": "В наличии", "type_of_product": "Кофе в зернах", "kind_of_tea": null, "sort_of_tea": null, "number_of_suchets": null, "tea_shapes": null, "tea_leaf_size": null, "weight_of_product": 1000, "composition_of_coffee": null, "coffe_roasting": null, "taste_intensity": null, "arabica_content": 100, "producting_technology": null, "category": []}}, {"model": "pages.products", "pk": 40, "fields": {"product_name": "Кофе в зёрнах Черная Карта 1 кг", "product_price": 2100, "product_description": "<div class=\"sk\" data-widget=\"webDescription\">\r\n<div id=\"section-description\">\r\n<h2 class=\"xl6\">Описание</h2>\r\n<div>\r\n<div class=\"\">\r\n<div class=\"xl3\">\r\n<div>По-настоящему вкусный кофе выращивают в жарких странах, где кофейные зерна каждый день впитывают тепло солнца, чтобы потом поделиться им с вами.Наши кофейные эксперты создали зерновой кофе &laquo;Черная Карта&raquo; для настоящих ценителей насыщенного аромата и интенсивного бодрящего вкуса. Попробуйте и влюбитесь в кофе &laquo;Черная Карта&raquo; навсегда!Этот кофе подходит для кофемашин.</div>\r\n</div>\r\n</div>\r\n</div>\r\n</div>\r\n</div>\r\n<div class=\"sk\" data-widget=\"webDescription\">\r\n<div id=\"section-description\">\r\n<div class=\"\">\r\n<div class=\"xl3\">\r\n<div>\r\n<h3>Условия хранения</h3>\r\n<p>Условия хранения, в том числе после вскрытия: хранить плотно закрытым в сухом прохладном месте без посторонних запахов</p>\r\n<h3>Состав</h3>\r\n<p>Кофе натуральный зерновой 100% арабика</p>\r\n</div>\r\n</div>\r\n</div>\r\n</div>\r\n</div>", "product_image": "product_images/6348337470.webp", "discount_percent": 36, "slug": "1", "is_featured": false, "is_exclusive": false, "created_at": "2022-07-17T23:29:09.032Z", "updated_at": "2022-07-21T22:13:58.599Z", "available": "В наличии", "type_of_product": "Кофе в зернах", "kind_of_tea": null, "sort_of_tea": null, "number_of_suchets": null, "tea_shapes": null, "tea_leaf_size": null, "weight_of_product": 1000, "composition_of_coffee": "Арабика", "coffe_roasting": "Среднеобжаренный кофе", "taste_intensity": "Средний", "arabica_content": null, "producting_technology": null, "category": [9, 7]}}, {"model": "pages.products", "pk": 41, "fields": {"product_name": "Кофе в зернах Bushido Black Katana/ Зерновой Кофе Бушедо 1 кг", "product_price": 4700, "product_description": "<div class=\"sk\" data-widget=\"webDescription\">\r\n<div id=\"section-description\">\r\n<h2 class=\"xl6\">Описание</h2>\r\n<div>\r\n<div class=\"\">\r\n<div class=\"xl3\">\r\n<div>Купаж зерен 100%-ной Арабики с великолепным вкусом и ароматом. Обжаренный с&nbsp;любовью и страстью - все, чтобы донести истинный вкус кофе премиум-класса. Что бы&nbsp;ни происходило, в жизни каждого найдется время для доброй чашки Bushido Red&nbsp;Katana.</div>\r\n</div>\r\n</div>\r\n</div>\r\n</div>\r\n</div>\r\n<div class=\"sk\" data-widget=\"webDescription\">\r\n<div id=\"section-description\">\r\n<div class=\"\">\r\n<div class=\"xl3\">\r\n<div>\r\n<h3>Условия хранения</h3>\r\n<p>Условия хранения, в том числе после вскрытия: хранить плотно закрытым в сухом прохладном месте без посторонних запахов</p>\r\n<h3>Состав</h3>\r\n<p>Кофе в Зернах</p>\r\n</div>\r\n</div>\r\n</div>\r\n</div>\r\n</div>", "product_image": "product_images/6275726072.webp", "discount_percent": 58, "slug": "bushido-black-katana-1", "is_featured": true, "is_exclusive": false, "created_at": "2022-07-17T23:32:30.171Z", "updated_at": "2022-07-21T22:14:06.008Z", "available": "В наличии", "type_of_product": "Кофе в зернах", "kind_of_tea": null, "sort_of_tea": null, "number_of_suchets": null, "tea_shapes": null, "tea_leaf_size": null, "weight_of_product": 1000, "composition_of_coffee": "Арабика", "coffe_roasting": "Среднеобжаренный кофе", "taste_intensity": "Средний", "arabica_content": null, "producting_technology": null, "category": [9, 7]}}, {"model": "pages.products", "pk": 42, "fields": {"product_name": "Кофе в зёрнах Ambassador Blue Label, пакет, 1 кг.", "product_price": 3000, "product_description": "<div class=\"sk\" data-widget=\"webDescription\">\r\n<div id=\"section-description\">\r\n<h2 class=\"xl6\">Описание</h2>\r\n<div>\r\n<div class=\"\">\r\n<div class=\"xl3\">\r\n<div>Крепкий выразительный вкус. Обжарка для эспрессо.Кофе зерновой AMBASSADOR &ndash; классический итальянский кофе темной обжарки, который лучше всего подойдет для приготовления насыщенного крепкого эспрессо с устойчивой пенкой и продолжительным шоколадным послевкусием. Если Вы поклонник традиций &ndash; Ambassador придется Вам по вкусу. Ambassador производят в Швейцарии и по качеству он относится к высшему сорту. Зерна для этого сорта закупаются в Южной Америке и Азии. Перед тем как попасть на завод, они проходят тщательную экспертизу, в результате которой отбирается только лучшее сырье. Гарантией хорошего вкуса является состав: 100% арабика. После искусной темной обжарки в насыщенном вкусе прослеживается грамотный баланс изысканной горечи, без которой многие не мыслят эспрессо, и характерной для арабики мягкой кислинки.</div>\r\n</div>\r\n</div>\r\n</div>\r\n</div>\r\n</div>\r\n<div class=\"sk\" data-widget=\"webDescription\">\r\n<div id=\"section-description\">\r\n<div class=\"\">\r\n<div class=\"xl3\">\r\n<div>\r\n<h3>Условия хранения</h3>\r\n<p>Хранить при температуре не выше 27&deg;С и относительной влажности не выше 75%</p>\r\n<h3>Комплектация</h3>\r\n<p>Кофе в зернах + сахар порционный 1 шт</p>\r\n<h3>Состав</h3>\r\n<p>Арабика 100%</p>\r\n</div>\r\n</div>\r\n</div>\r\n</div>\r\n</div>", "product_image": "product_images/6364223402.webp", "discount_percent": 55, "slug": "ambassador-blue-label-1", "is_featured": false, "is_exclusive": false, "created_at": "2022-07-17T23:34:52.862Z", "updated_at": "2022-07-21T22:14:15.351Z", "available": "В наличии", "type_of_product": "Кофе в зернах", "kind_of_tea": null, "sort_of_tea": null, "number_of_suchets": null, "tea_shapes": null, "tea_leaf_size": null, "weight_of_product": 1000, "composition_of_coffee": null, "coffe_roasting": null, "taste_intensity": null, "arabica_content": 100, "producting_technology": null, "category": [9, 7]}}, {"model": "pages.products", "pk": 43, "fields": {"product_name": "Нескафе Классик растворимый Кофе , NESCAFE Classic мягкая упаковка 500г", "product_price": 3600, "product_description": "<div class=\"sk\" data-widget=\"webDescription\">\r\n<div id=\"section-description\">\r\n<h2 class=\"xl6\">Описание</h2>\r\n<div>\r\n<div class=\"\">\r\n<div class=\"xl3\">\r\n<div>Кофе растворимый сублимированный Nescafe Classic 500г&nbsp;&mdash; один из&nbsp;самых известных растворимых кофейных напитков! Его богатый, насыщенный аромат и&nbsp;глубокий вкус невозможно ни&nbsp;с&nbsp;чем перепутать, но&nbsp;так легко узнать из&nbsp;множества вариантов. Nescafe создает особую, приятную атмосферу, окружая волнующим ароматом и&nbsp;благородным вкусом. Nescafe создан лучшими кофейными экспертами из&nbsp;отборных зерен робусты и&nbsp;арабики. Он&nbsp;остается популярным и&nbsp;любимым многими поклонниками кофе по&nbsp;сей день. Чашка горячего крепкого напитка привычно сопровождает и&nbsp;тихим спокойным утром, и&nbsp;на&nbsp;шумных встречах, и&nbsp;в&nbsp;загруженные работой будни. Nescafe потребляют более чем в&nbsp;180 странах мира. Готовится кофе растворимый Nescafe просто. В&nbsp;зависимости от&nbsp;желаемой крепости добавьте в&nbsp;чашку 1-2 чайные ложки кофе и&nbsp;залейте горячей водой, но&nbsp;не&nbsp;кипятком. Сахар, сливки, молоко добавьте по&nbsp;желанию, и&nbsp;напиток готов. Большая вакуумная упаковка позволит вам наслаждаться им&nbsp;довольно долго, а&nbsp;также отлично подходит для использования в&nbsp;больших коллективах, офисах, местах общественного питания и&nbsp;на&nbsp;различных предприятиях.</div>\r\n</div>\r\n</div>\r\n</div>\r\n</div>\r\n</div>\r\n<div class=\"sk\" data-widget=\"webDescription\">\r\n<div id=\"section-description\">\r\n<div class=\"\">\r\n<div class=\"xl3\">\r\n<div>\r\n<h3>Состав</h3>\r\n<p>100% натуральный кофе.</p>\r\n<h3>Условия хранения</h3>\r\n<p>Хранить в темном месте, избегая попадания прямых солнечных лучей при температуре не выше 18 градусов и относительной влажности воздуха не выше 75%</p>\r\n<h3>Комплектация</h3>\r\n<p>Нескафе Классик растворимый Кофе , NESCAFE Classic 500г - 1шт</p>\r\n</div>\r\n</div>\r\n</div>\r\n</div>\r\n</div>", "product_image": "product_images/6366393099.webp", "discount_percent": 16, "slug": "nescafe-classic-500", "is_featured": false, "is_exclusive": false, "created_at": "2022-07-17T23:37:04.354Z", "updated_at": "2022-07-21T22:14:22.883Z", "available": "В наличии", "type_of_product": "Кофе растворимый", "kind_of_tea": null, "sort_of_tea": null, "number_of_suchets": null, "tea_shapes": null, "tea_leaf_size": null, "weight_of_product": null, "composition_of_coffee": "Арабика/Робуста", "coffe_roasting": null, "taste_intensity": "Средний", "arabica_content": null, "producting_technology": "Сублимированный", "category": [9, 7]}}, {"model": "pages.productsimage", "pk": 15, "fields": {"post": 8, "images": "product_images/6246251854_b0gQnLX.webp", "place": 1}}, {"model": "pages.productsimage", "pk": 16, "fields": {"post": 8, "images": "product_images/62462518522_CXctwr2.webp", "place": 2}}, {"model": "pages.productsimage", "pk": 17, "fields": {"post": 8, "images": "product_images/62462518543_kaaVCrL.webp", "place": 3}}, {"model": "pages.productsimage", "pk": 18, "fields": {"post": 8, "images": "product_images/62462518551_JkmCzky.webp", "place": 4}}, {"model": "pages.productsimage", "pk": 24, "fields": {"post": 11, "images": "product_images/6246107693_8ZeUNwb.webp", "place": 1}}, {"model": "pages.productsimage", "pk": 25, "fields": {"post": 11, "images": "product_images/6246107691_CcdEvxg.webp", "place": 2}}, {"model": "pages.productsimage", "pk": 26, "fields": {"post": 11, "images": "product_images/6246107692_xU6kQB9.webp", "place": 3}}, {"model": "pages.productsimage", "pk": 28, "fields": {"post": 5, "images": "product_images/6371228438_yqMseL9.webp", "place": 1}}, {"model": "pages.productsimage", "pk": 29, "fields": {"post": 5, "images": "product_images/6366340590_Pwk2PIF.webp", "place": 2}}, {"model": "pages.productsimage", "pk": 30, "fields": {"post": 12, "images": "product_images/6246290283_8iUcTas.webp", "place": 1}}, {"model": "pages.productsimage", "pk": 31, "fields": {"post": 12, "images": "product_images/6246290284_pms81iF.webp", "place": 2}}, {"model": "pages.productsimage", "pk": 32, "fields": {"post": 12, "images": "product_images/6246290286_BjcniLp.webp", "place": 3}}, {"model": "pages.productsimage", "pk": 33, "fields": {"post": 12, "images": "product_images/6246197745_mHCkrOd.webp", "place": 4}}, {"model": "pages.productsimage", "pk": 34, "fields": {"post": 13, "images": "product_images/6246109074_vUWR0G4.webp", "place": 1}}, {"model": "pages.productsimage", "pk": 35, "fields": {"post": 13, "images": "product_images/6246103969_BtzO2q3.webp", "place": 2}}, {"model": "pages.productsimage", "pk": 36, "fields": {"post": 14, "images": "product_images/6334721240.webp", "place": 1}}, {"model": "pages.productsimage", "pk": 37, "fields": {"post": 14, "images": "product_images/6334718102.webp", "place": 2}}, {"model": "pages.productsimage", "pk": 38, "fields": {"post": 15, "images": "product_images/6322047865_RPqGX4d.webp", "place": 1}}, {"model": "pages.productsimage", "pk": 39, "fields": {"post": 15, "images": "product_images/6321643624.webp", "place": 2}}, {"model": "pages.productsimage", "pk": 42, "fields": {"post": 21, "images": "product_images/6359177410_cCLwioH.webp", "place": 1}}, {"model": "pages.productsimage", "pk": 43, "fields": {"post": 21, "images": "product_images/6359177406_3GMjfO9.webp", "place": 2}}, {"model": "pages.productsimage", "pk": 44, "fields": {"post": 21, "images": "product_images/6359177409_oqRyFmk.webp", "place": 3}}, {"model": "pages.productsimage", "pk": 45, "fields": {"post": 21, "images": "product_images/6359177411_gmRNhq2.webp", "place": 4}}, {"model": "pages.productsimage", "pk": 46, "fields": {"post": 21, "images": "product_images/6359177414_FBNlq3Z.webp", "place": 5}}, {"model": "pages.productsimage", "pk": 47, "fields": {"post": 21, "images": "product_images/6359177413_wqQ1Cqu.webp", "place": 6}}, {"model": "pages.productsimage", "pk": 48, "fields": {"post": 25, "images": "product_images/6364222782_RpsA5t7.webp", "place": 1}}, {"model": "pages.productsimage", "pk": 49, "fields": {"post": 25, "images": "product_images/6364222781.webp", "place": 2}}, {"model": "pages.productsimage", "pk": 50, "fields": {"post": 25, "images": "product_images/6364222780.webp", "place": 3}}, {"model": "pages.productsimage", "pk": 51, "fields": {"post": 25, "images": "product_images/6364191311.webp", "place": 4}}, {"model": "pages.productsimage", "pk": 52, "fields": {"post": 25, "images": "product_images/6364191310_1.webp", "place": 5}}, {"model": "pages.productsimage", "pk": 53, "fields": {"post": 26, "images": "product_images/6364213368_meKvsHS.webp", "place": 1}}, {"model": "pages.productsimage", "pk": 54, "fields": {"post": 26, "images": "product_images/6364213367.webp", "place": 2}}, {"model": "pages.productsimage", "pk": 55, "fields": {"post": 26, "images": "product_images/6364191311_tFI2yIF.webp", "place": 3}}, {"model": "pages.productsimage", "pk": 56, "fields": {"post": 26, "images": "product_images/6364191310_1_0hreLXG.webp", "place": 4}}, {"model": "pages.productsimage", "pk": 57, "fields": {"post": 27, "images": "product_images/6286035954_zDTQBA7.webp", "place": 1}}, {"model": "pages.productsimage", "pk": 58, "fields": {"post": 27, "images": "product_images/6286035953.webp", "place": 2}}, {"model": "pages.productsimage", "pk": 59, "fields": {"post": 27, "images": "product_images/6286035955.webp", "place": 3}}, {"model": "pages.productsimage", "pk": 60, "fields": {"post": 27, "images": "product_images/6321643624_RwiHM8d.webp", "place": 4}}, {"model": "pages.productsimage", "pk": 61, "fields": {"post": 29, "images": "product_images/6275653106_IjOMoH7.webp", "place": 1}}, {"model": "pages.productsimage", "pk": 62, "fields": {"post": 29, "images": "product_images/6242643505_taYZB8b.webp", "place": 2}}, {"model": "pages.productsimage", "pk": 63, "fields": {"post": 29, "images": "product_images/6275653108_goLazlP.webp", "place": 3}}, {"model": "pages.productsimage", "pk": 64, "fields": {"post": 33, "images": "product_images/6371286912_Tvh2Ls5.webp", "place": 1}}, {"model": "pages.productsimage", "pk": 65, "fields": {"post": 33, "images": "product_images/6366320390.webp", "place": 2}}, {"model": "pages.productsimage", "pk": 66, "fields": {"post": 33, "images": "product_images/6366295530.webp", "place": 3}}, {"model": "pages.productsimage", "pk": 67, "fields": {"post": 35, "images": "product_images/6246256551_nEr1XZz.webp", "place": 1}}, {"model": "pages.productsimage", "pk": 68, "fields": {"post": 35, "images": "product_images/6246256555.webp", "place": 2}}, {"model": "pages.productsimage", "pk": 69, "fields": {"post": 35, "images": "product_images/6246256556.webp", "place": 3}}, {"model": "pages.productsimage", "pk": 70, "fields": {"post": 35, "images": "product_images/6246256553.webp", "place": 4}}, {"model": "pages.productsimage", "pk": 71, "fields": {"post": 36, "images": "product_images/6246260009_8eelZ41.webp", "place": 1}}, {"model": "pages.productsimage", "pk": 72, "fields": {"post": 36, "images": "product_images/6246260008.webp", "place": 2}}, {"model": "pages.productsimage", "pk": 73, "fields": {"post": 36, "images": "product_images/6246260010.webp", "place": 3}}, {"model": "pages.productsimage", "pk": 74, "fields": {"post": 38, "images": "product_images/6265364876_ytMA887.webp", "place": 1}}, {"model": "pages.productsimage", "pk": 75, "fields": {"post": 38, "images": "product_images/6265076996.webp", "place": 2}}, {"model": "pages.productsimage", "pk": 76, "fields": {"post": 38, "images": "product_images/6265076995.webp", "place": 3}}, {"model": "pages.productsimage", "pk": 77, "fields": {"post": 38, "images": "product_images/6265076994.webp", "place": 4}}, {"model": "pages.productsimage", "pk": 78, "fields": {"post": 38, "images": "product_images/6246197745_t3d5bqu.webp", "place": 5}}, {"model": "pages.productsimage", "pk": 79, "fields": {"post": 42, "images": "product_images/6364223402_TbPKW5t.webp", "place": 1}}, {"model": "pages.productsimage", "pk": 80, "fields": {"post": 42, "images": "product_images/6364223403.webp", "place": 2}}, {"model": "pages.productsimage", "pk": 81, "fields": {"post": 42, "images": "product_images/6364191311_1.webp", "place": 3}}, {"model": "pages.productsimage", "pk": 82, "fields": {"post": 43, "images": "product_images/6366393099_8t2Q6eI.webp", "place": 1}}, {"model": "pages.productsimage", "pk": 83, "fields": {"post": 43, "images": "product_images/6366393100.webp", "place": 2}}, {"model": "pages.productsimage", "pk": 84, "fields": {"post": 43, "images": "product_images/6366393101.webp", "place": 3}}, {"model": "pages.slider", "pk": 1, "fields": {"slider_name": "second slide", "slider_sale": "Скидки до 70% на кофе Neskafe", "slider_tittle": "Ради кофе можно пойти на все.Даже на работу.", "slider_image": "slider_images/latte-coffee_1122-2728.webp", "slider_slug": "https://d83d-109-127-34-161.eu.ngrok.io/products/category/kofe/"}}, {"model": "pages.slider", "pk": 2, "fields": {"slider_name": "first slide", "slider_sale": null, "slider_tittle": "Чай это чудесный ответ на все заморочки в жизни", "slider_image": "slider_images/1645913753_1-kartinkin-net-p-chai-kartinki-krasivie-1.jpg", "slider_slug": "https://d83d-109-127-34-161.eu.ngrok.io/products/category/chay/"}}, {"model": "pages.offers", "pk": 1, "fields": {"offer_name": "Object", "offer_title": "Скидки на зерна Arabica.Поспешите!", "offer_slug": "https://d83d-109-127-34-161.eu.ngrok.io/products/category/kofe/", "offer_image": "offer_images/g-img-4.jpg"}}, {"model": "pages.offers", "pk": 2, "fields": {"offer_name": "Object", "offer_title": "Скидка 50% на кофе от  Egoist", "offer_slug": "https://d83d-109-127-34-161.eu.ngrok.io/products/category/kofe/", "offer_image": "offer_images/depositphotos_16351113-stock-photo-cup-of-coffee.jpg"}}, {"model": "pages.saleoffers", "pk": 1, "fields": {"sale_red_title": "Скидка 40%", "sale_title": "Чай Тарлтон Премиум Цейлонский Чёрный PEKOE/ Tarlton Premium Ceylon PEKOE Black Tea 250 гр", "sale_sale_words": "скидка 40%", "sale_slug": "https://d83d-109-127-34-161.eu.ngrok.io/product/pekoe-tarlton-premium-ceylon-pekoe-black-tea-250/", "sale_image": "sale_images/6246269450.webp"}}]